Flow Rate,Weight
30,100
20,57.14285714
30,75
30,66.66666667
40,88.88888889
40,80
50,90.90909091
60,109.0909091
70,116.6666667
130,200
160,228.5714286
220,293.3333333
260,325
330,388.2352941
340,377.7777778
410,410
