Flow Rate,Weight
50,5
33.33333333,5
50,10
80,20
166.6666667,50
171.4285714,60
225,90
250,100
266.6666667,120
340,170
340,170
381.8181818,210
383.3333333,230
416.6666667,250
476.9230769,310
492.3076923,320
628.5714286,440
642.8571429,450
642.8571429,450
628.5714286,440
700,560
687.5,550
687.5,550
700,630
722.2222222,650
740,740
