Flow Rate,Weight
33.33333333,20
28.57142857,20
28.57142857,20
87.5,70
62.5,50
62.5,50
111.1111111,100
277.7777778,250
360,360
312.5,250
40,10
33.33333333,10
85.71428571,30
50,20
111.1111111,50
180,90
280,140
145.4545455,80
145.4545455,80
166.6666667,100
216.6666667,130
200,130
285.7142857,200
257.1428571,180
306.6666667,230
312.5,250
433.3333333,390
330,330
330,330
